{
  "r2_ica": [
    [
      0.9725863933563232,
      0.002720695221796632,
      0.003251770744100213
    ],
    [
      0.0024982306640595198,
      0.9832361936569214,
      0.0028024627827107906
    ],
    [
      0.0031746001914143562,
      0.0027800188399851322,
      0.9665876626968384
    ]
  ],
  "r2_ae_l1": [
    [
      0.30185267329216003,
      0.40178221464157104,
      0.26812824606895447
    ],
    [
      0.2779613137245178,
      0.4089652895927429,
      0.3022862672805786
    ],
    [
      0.3062288761138916,
      0.44359275698661804,
      0.28575238585472107
    ]
  ],
  "r2_baseline": [
    [
      0.2830073833465576,
      0.43568548560142517,
      0.26701411604881287
    ],
    [
      0.26271194219589233,
      0.4430350661277771,
      0.2804259657859802
    ],
    [
      0.29814618825912476,
      0.4587484896183014,
      0.27862727642059326
    ]
  ],
  "mcc_dims": [
    128,
    256,
    384,
    512
  ],
  "mcc_ica": [
    0.9853455424308777,
    0.9784038066864014,
    0.9766313433647156,
    0.8787118196487427
  ],
  "mcc_ae_l1": [
    0.2398306429386139,
    0.18202552199363708,
    0.1538003534078598,
    0.13537487387657166
  ],
  "ica_times": [
    5.009730339050293,
    22.74958896636963,
    144.09230160713196,
    670.3588652610779
  ],
  "b_matrix_f1": 0.9999999999499909,
  "b_true_sparsity": 0.3359375
}