{
  "model": "Qwen/Qwen3-0.6B",
  "adapter_params": 1312768,
  "final_loss": 0.05437122359173372,
  "agreement_weights": [
    1.0,
    1.3886514902114868,
    1.238219141960144,
    1.035615086555481
  ],
  "num_epochs": 50
}